Población reclusa,,,,,,,,,,,,,,,,,,,,,,,,,,,,,,,,,,,,,,,,,,,,,,,,,,,,,,,,,,,,,,,,,,,,,,,,,,,,,,,,,,,,,,,,,,,,,,,,,,,,,,,,,,,,,,,,,,,,,,,,,,,,,,,,,,,,,,,,,,,,,,,,,,,,,,,,,,,,,,,,,,,,,,,,
    Población reclusa. Hasta 2013,,,,,,,,,,,,,,,,,,,,,,,,,,,,,,,,,,,,,,,,,,,,,,,,,,,,,,,,,,,,,,,,,,,,,,,,,,,,,,,,,,,,,,,,,,,,,,,,,,,,,,,,,,,,,,,,,,,,,,,,,,,,,,,,,,,,,,,,,,,,,,,,,,,,,,,,,,,,,,,,,,,,,,,,
,,,,,,,,,,,,,,,,,,,,,,,,,,,,,,,,,,,,,,,,,,,,,,,,,,,,,,,,,,,,,,,,,,,,,,,,,,,,,,,,,,,,,,,,,,,,,,,,,,,,,,,,,,,,,,,,,,,,,,,,,,,,,,,,,,,,,,,,,,,,,,,,,,,,,,,,,,,,,,,,,,,,,,,,
Población reclusa por CCAA; periodo; situación procesal-penal y  sexo.,,,,,,,,,,,,,,,,,,,,,,,,,,,,,,,,,,,,,,,,,,,,,,,,,,,,,,,,,,,,,,,,,,,,,,,,,,,,,,,,,,,,,,,,,,,,,,,,,,,,,,,,,,,,,,,,,,,,,,,,,,,,,,,,,,,,,,,,,,,,,,,,,,,,,,,,,,,,,,,,,,,,,,,,
Unidades:número de internos,,,,,,,,,,,,,,,,,,,,,,,,,,,,,,,,,,,,,,,,,,,,,,,,,,,,,,,,,,,,,,,,,,,,,,,,,,,,,,,,,,,,,,,,,,,,,,,,,,,,,,,,,,,,,,,,,,,,,,,,,,,,,,,,,,,,,,,,,,,,,,,,,,,,,,,,,,,,,,,,,,,,,,,,
,,,,,,,,,,,,,,,,,,,,,,,,,,,,,,,,,,,,,,,,,,,,,,,,,,,,,,,,,,,,,,,,,,,,,,,,,,,,,,,,,,,,,,,,,,,,,,,,,,,,,,,,,,,,,,,,,,,,,,,,,,,,,,,,,,,,,,,,,,,,,,,,,,,,,,,,,,,,,,,,,,,,,,,,
,,,,,,,,,,,,,,,,,,,,,,,,,,,,,,,,,,,,,,,,,,,,,,,,,,,,,,,,,,,,,,,,,,,,,,,,,,,,,,,,,,,,,,,,,,,,,,,,,,,,,,,,,,,,,,,,,,,,,,,,,,,,,,,,,,,,,,,,,,,,,,,,,,,,,,,,,,,,,,,,,,,,,,,,
,2000,,,,,,,,,,,,2001,,,,,,,,,,,,2002,,,,,,,,,,,,2003,,,,,,,,,,,,2004,,,,,,,,,,,,2005,,,,,,,,,,,,2006,,,,,,,,,,,,2007,,,,,,,,,,,,2008,,,,,,,,,,,,2009,,,,,,,,,,,,2010,,,,,,,,,,,,2011,,,,,,,,,,,,2012,,,,,,,,,,,,2013,,,,,,,,,,,
,Total,,,Preventivos,,,Penados en prisión,,,Otros penados (1),,,Total,,,Preventivos,,,Penados en prisión,,,Otros penados (1),,,Total,,,Preventivos,,,Penados en prisión,,,Otros penados (1),,,Total,,,Preventivos,,,Penados en prisión,,,Otros penados (1),,,Total,,,Preventivos,,,Penados en prisión,,,Otros penados (1),,,Total,,,Preventivos,,,Penados en prisión,,,Otros penados (1),,,Total,,,Preventivos,,,Penados en prisión,,,Otros penados (1),,,Total,,,Preventivos,,,Penados en prisión,,,Otros penados (1),,,Total,,,Preventivos,,,Penados en prisión,,,Otros penados (1),,,Total,,,Preventivos,,,Penados en prisión,,,Otros penados (1),,,Total,,,Preventivos,,,Penados en prisión,,,Otros penados (1),,,Total,,,Preventivos,,,Penados en prisión,,,Otros penados (1),,,Total,,,Preventivos,,,Penados en prisión,,,Otros penados (1),,,Total,,,Preventivos,,,Penados en prisión,,,Otros penados (1),,
,Ambos sexos,Hombres,Mujeres,Ambos sexos,Hombres,Mujeres,Ambos sexos,Hombres,Mujeres,Ambos sexos,Hombres,Mujeres,Ambos sexos,Hombres,Mujeres,Ambos sexos,Hombres,Mujeres,Ambos sexos,Hombres,Mujeres,Ambos sexos,Hombres,Mujeres,Ambos sexos,Hombres,Mujeres,Ambos sexos,Hombres,Mujeres,Ambos sexos,Hombres,Mujeres,Ambos sexos,Hombres,Mujeres,Ambos sexos,Hombres,Mujeres,Ambos sexos,Hombres,Mujeres,Ambos sexos,Hombres,Mujeres,Ambos sexos,Hombres,Mujeres,Ambos sexos,Hombres,Mujeres,Ambos sexos,Hombres,Mujeres,Ambos sexos,Hombres,Mujeres,Ambos sexos,Hombres,Mujeres,Ambos sexos,Hombres,Mujeres,Ambos sexos,Hombres,Mujeres,Ambos sexos,Hombres,Mujeres,Ambos sexos,Hombres,Mujeres,Ambos sexos,Hombres,Mujeres,Ambos sexos,Hombres,Mujeres,Ambos sexos,Hombres,Mujeres,Ambos sexos,Hombres,Mujeres,Ambos sexos,Hombres,Mujeres,Ambos sexos,Hombres,Mujeres,Ambos sexos,Hombres,Mujeres,Ambos sexos,Hombres,Mujeres,Ambos sexos,Hombres,Mujeres,Ambos sexos,Hombres,Mujeres,Ambos sexos,Hombres,Mujeres,Ambos sexos,Hombres,Mujeres,Ambos sexos,Hombres,Mujeres,Ambos sexos,Hombres,Mujeres,Ambos sexos,Hombres,Mujeres,Ambos sexos,Hombres,Mujeres,Ambos sexos,Hombres,Mujeres,Ambos sexos,Hombres,Mujeres,Ambos sexos,Hombres,Mujeres,Ambos sexos,Hombres,Mujeres,Ambos sexos,Hombres,Mujeres,Ambos sexos,Hombres,Mujeres,Ambos sexos,Hombres,Mujeres,Ambos sexos,Hombres,Mujeres,Ambos sexos,Hombres,Mujeres,Ambos sexos,Hombres,Mujeres,Ambos sexos,Hombres,Mujeres,Ambos sexos,Hombres,Mujeres,Ambos sexos,Hombres,Mujeres,Ambos sexos,Hombres,Mujeres,Ambos sexos,Hombres,Mujeres,Ambos sexos,Hombres,Mujeres
Total,45104.0,41451.0,3653.0,9100.0,8339.0,761.0,35109.0,32261.0,2848.0,895.0,851.0,44.0,47571.0,43666.0,3905.0,10141.0,9277.0,864.0,36436.0,33455.0,2981.0,994.0,934.0,60.0,51882.0,47750.0,4132.0,11810.0,10824.0,986.0,39032.0,35940.0,3092.0,1040.0,986.0,54.0,56096.0,51686.0,4410.0,12276.0,11214.0,1062.0,42744.0,39459.0,3285.0,1076.0,1013.0,63.0,59375.0,54805.0,4570.0,13112.0,11963.0,1149.0,45384.0,42006.0,3378.0,879.0,836.0,43.0,61054.0,56291.0,4763.0,13720.0,12494.0,1226.0,46426.0,42936.0,3490.0,908.0,861.0,47.0,64021.0,58912.0,5109.0,15065.0,13567.0,1498.0,48073.0,44508.0,3565.0,883.0,837.0,46.0,67100.0,61508.0,5592.0,16137.0,14428.0,1709.0,49943.0,46120.0,3823.0,1020.0,960.0,60.0,73558.0,67608.0,5950.0,17849.0,16073.0,1776.0,54746.0,50626.0,4120.0,963.0,909.0,54.0,76079.0,70003.0,6076.0,15580.0,14179.0,1401.0,59518.0,54895.0,4623.0,981.0,929.0,52.0,73929.0,68146.0,5783.0,13837.0,12560.0,1277.0,59251.0,54793.0,4458.0,841.0,793.0,48.0,70472.0,65184.0,5288.0,12148.0,10992.0,1156.0,57440.0,53371.0,4069.0,884.0,821.0,63.0,68597.0,63372.0,5225.0,10443.0,9457.0,986.0,52463.0,48473.0,3990.0,1485.0,1399.0,86.0,66765.0,61682.0,5083.0,9292.0,8461.0,831.0,56103.0,51943.0,4160.0,1370.0,1278.0,92.0
Andalucía,10244.0,9345.0,899.0,2156.0,2007.0,149.0,7873.0,7126.0,747.0,215.0,212.0,3.0,11138.0,10178.0,960.0,2525.0,2367.0,158.0,8375.0,7575.0,800.0,238.0,236.0,2.0,11762.0,10791.0,971.0,2700.0,2532.0,168.0,8805.0,8009.0,796.0,257.0,250.0,7.0,11717.0,10649.0,1068.0,2812.0,2591.0,221.0,8690.0,7849.0,841.0,215.0,209.0,6.0,12325.0,11242.0,1083.0,2687.0,2461.0,226.0,9404.0,8555.0,849.0,234.0,226.0,8.0,12919.0,11818.0,1101.0,2957.0,2737.0,220.0,9724.0,8846.0,878.0,238.0,235.0,3.0,13852.0,12733.0,1119.0,3143.0,2889.0,254.0,10457.0,9594.0,863.0,252.0,250.0,2.0,14709.0,13535.0,1174.0,3407.0,3134.0,273.0,11017.0,10120.0,897.0,285.0,281.0,4.0,16635.0,15391.0,1244.0,3736.0,3400.0,336.0,12579.0,11678.0,901.0,320.0,313.0,7.0,17495.0,16195.0,1300.0,3033.0,2831.0,202.0,14188.0,13097.0,1091.0,274.0,267.0,7.0,17215.0,15996.0,1219.0,2823.0,2627.0,196.0,14130.0,13109.0,1021.0,262.0,260.0,2.0,16174.0,15069.0,1105.0,2500.0,2301.0,199.0,13436.0,12531.0,905.0,238.0,237.0,1.0,15767.0,14601.0,1166.0,2272.0,2108.0,164.0,13065.0,12071.0,994.0,430.0,422.0,8.0,15190.0,14094.0,1096.0,1882.0,1773.0,109.0,12931.0,11959.0,972.0,377.0,362.0,15.0
Aragón,1130.0,1107.0,23.0,122.0,116.0,6.0,998.0,983.0,15.0,10.0,8.0,2.0,1313.0,1282.0,31.0,193.0,180.0,13.0,1109.0,1091.0,18.0,11.0,11.0,0.0,1673.0,1613.0,60.0,253.0,231.0,22.0,1408.0,1371.0,37.0,12.0,11.0,1.0,2231.0,2175.0,56.0,204.0,185.0,19.0,2018.0,1982.0,36.0,9.0,8.0,1.0,2411.0,2323.0,88.0,235.0,218.0,17.0,2170.0,2099.0,71.0,6.0,6.0,0.0,2430.0,2334.0,96.0,229.0,218.0,11.0,2198.0,2113.0,85.0,3.0,3.0,0.0,2321.0,2221.0,100.0,318.0,295.0,23.0,2000.0,1923.0,77.0,3.0,3.0,0.0,2438.0,2301.0,137.0,315.0,274.0,41.0,2118.0,2023.0,95.0,5.0,4.0,1.0,2557.0,2416.0,141.0,329.0,298.0,31.0,2224.0,2114.0,110.0,4.0,4.0,0.0,2644.0,2501.0,143.0,270.0,247.0,23.0,2369.0,2249.0,120.0,5.0,5.0,0.0,2587.0,2449.0,138.0,231.0,209.0,22.0,2356.0,2240.0,116.0,0.0,0.0,0.0,2478.0,2357.0,121.0,209.0,191.0,18.0,2268.0,2165.0,103.0,1.0,1.0,0.0,2239.0,2113.0,126.0,189.0,174.0,15.0,2019.0,1909.0,110.0,31.0,30.0,1.0,2273.0,2159.0,114.0,186.0,170.0,16.0,2046.0,1949.0,97.0,41.0,40.0,1.0
Asturias; Principado de,1043.0,947.0,96.0,131.0,107.0,24.0,907.0,838.0,69.0,5.0,2.0,3.0,1136.0,1053.0,83.0,108.0,100.0,8.0,1015.0,942.0,73.0,13.0,11.0,2.0,1295.0,1196.0,99.0,134.0,122.0,12.0,1145.0,1063.0,82.0,16.0,11.0,5.0,1308.0,1205.0,103.0,160.0,139.0,21.0,1134.0,1053.0,81.0,14.0,13.0,1.0,1278.0,1178.0,100.0,152.0,136.0,16.0,1126.0,1042.0,84.0,0.0,0.0,0.0,1350.0,1247.0,103.0,204.0,192.0,12.0,1145.0,1054.0,91.0,1.0,1.0,0.0,1400.0,1288.0,112.0,153.0,140.0,13.0,1242.0,1143.0,99.0,5.0,5.0,0.0,1454.0,1340.0,114.0,232.0,206.0,26.0,1221.0,1133.0,88.0,1.0,1.0,0.0,1623.0,1493.0,130.0,271.0,247.0,24.0,1352.0,1246.0,106.0,0.0,0.0,0.0,1547.0,1420.0,127.0,209.0,188.0,21.0,1336.0,1230.0,106.0,2.0,2.0,0.0,1537.0,1421.0,116.0,176.0,163.0,13.0,1360.0,1257.0,103.0,1.0,1.0,0.0,1444.0,1335.0,109.0,156.0,143.0,13.0,1288.0,1192.0,96.0,0.0,0.0,0.0,1437.0,1319.0,118.0,120.0,114.0,6.0,1297.0,1187.0,110.0,20.0,18.0,2.0,1385.0,1245.0,140.0,112.0,103.0,9.0,1260.0,1129.0,131.0,13.0,13.0,0.0
Balears; Illes,1056.0,949.0,107.0,198.0,179.0,19.0,858.0,770.0,88.0,0.0,0.0,0.0,1091.0,985.0,106.0,246.0,223.0,23.0,843.0,760.0,83.0,2.0,2.0,0.0,1248.0,1138.0,110.0,338.0,307.0,31.0,903.0,824.0,79.0,7.0,7.0,0.0,1360.0,1233.0,127.0,347.0,311.0,36.0,1002.0,914.0,88.0,11.0,8.0,3.0,1320.0,1216.0,104.0,279.0,259.0,20.0,1039.0,956.0,83.0,2.0,1.0,1.0,1434.0,1325.0,109.0,372.0,341.0,31.0,1060.0,982.0,78.0,2.0,2.0,0.0,1564.0,1444.0,120.0,295.0,263.0,32.0,1268.0,1180.0,88.0,1.0,1.0,0.0,1637.0,1530.0,107.0,330.0,315.0,15.0,1307.0,1215.0,92.0,0.0,0.0,0.0,2090.0,1951.0,139.0,496.0,447.0,49.0,1594.0,1504.0,90.0,0.0,0.0,0.0,1937.0,1780.0,157.0,417.0,377.0,40.0,1520.0,1403.0,117.0,0.0,0.0,0.0,1865.0,1686.0,179.0,368.0,334.0,34.0,1497.0,1352.0,145.0,0.0,0.0,0.0,1771.0,1613.0,158.0,403.0,371.0,32.0,1368.0,1242.0,126.0,0.0,0.0,0.0,1790.0,1660.0,130.0,336.0,308.0,28.0,1422.0,1322.0,100.0,32.0,30.0,2.0,1715.0,1580.0,135.0,263.0,237.0,26.0,1427.0,1320.0,107.0,25.0,23.0,2.0
Canarias,2692.0,2474.0,218.0,781.0,705.0,76.0,1890.0,1748.0,142.0,21.0,21.0,0.0,2754.0,2526.0,228.0,811.0,734.0,77.0,1903.0,1753.0,150.0,40.0,39.0,1.0,3064.0,2847.0,217.0,1073.0,1017.0,56.0,1947.0,1787.0,160.0,44.0,43.0,1.0,2966.0,2749.0,217.0,883.0,821.0,62.0,2037.0,1883.0,154.0,46.0,45.0,1.0,2831.0,2583.0,248.0,930.0,842.0,88.0,1893.0,1733.0,160.0,8.0,8.0,0.0,2920.0,2682.0,238.0,880.0,801.0,79.0,2019.0,1862.0,157.0,21.0,19.0,2.0,2905.0,2673.0,232.0,1062.0,969.0,93.0,1842.0,1703.0,139.0,1.0,1.0,0.0,3101.0,2800.0,301.0,1173.0,1033.0,140.0,1928.0,1767.0,161.0,0.0,0.0,0.0,3297.0,2983.0,314.0,1411.0,1265.0,146.0,1886.0,1718.0,168.0,0.0,0.0,0.0,3198.0,2854.0,344.0,1269.0,1128.0,141.0,1928.0,1725.0,203.0,1.0,1.0,0.0,3029.0,2687.0,342.0,976.0,816.0,160.0,2053.0,1871.0,182.0,0.0,0.0,0.0,3567.0,3253.0,314.0,802.0,691.0,111.0,2765.0,2562.0,203.0,0.0,0.0,0.0,3708.0,3391.0,317.0,699.0,605.0,94.0,2958.0,2736.0,222.0,51.0,50.0,1.0,3587.0,3333.0,254.0,573.0,500.0,73.0,2970.0,2789.0,181.0,44.0,44.0,0.0
Cantabria,676.0,659.0,17.0,43.0,38.0,5.0,624.0,612.0,12.0,9.0,9.0,0.0,625.0,613.0,12.0,41.0,35.0,6.0,580.0,574.0,6.0,4.0,4.0,0.0,623.0,608.0,15.0,50.0,47.0,3.0,563.0,551.0,12.0,10.0,10.0,0.0,665.0,652.0,13.0,53.0,48.0,5.0,605.0,597.0,8.0,7.0,7.0,0.0,746.0,729.0,17.0,91.0,84.0,7.0,655.0,645.0,10.0,0.0,0.0,0.0,750.0,737.0,13.0,73.0,67.0,6.0,677.0,670.0,7.0,0.0,0.0,0.0,569.0,551.0,18.0,90.0,79.0,11.0,478.0,471.0,7.0,1.0,1.0,0.0,669.0,654.0,15.0,83.0,74.0,9.0,586.0,580.0,6.0,0.0,0.0,0.0,780.0,761.0,19.0,90.0,84.0,6.0,690.0,677.0,13.0,0.0,0.0,0.0,724.0,713.0,11.0,50.0,50.0,0.0,674.0,663.0,11.0,0.0,0.0,0.0,682.0,655.0,27.0,61.0,58.0,3.0,621.0,597.0,24.0,0.0,0.0,0.0,671.0,650.0,21.0,65.0,64.0,1.0,606.0,586.0,20.0,0.0,0.0,0.0,649.0,618.0,31.0,63.0,56.0,7.0,574.0,550.0,24.0,12.0,12.0,0.0,644.0,623.0,21.0,71.0,67.0,4.0,569.0,552.0,17.0,4.0,4.0,0.0
Castilla y León,3646.0,3339.0,307.0,390.0,355.0,35.0,3208.0,2936.0,272.0,48.0,48.0,0.0,4066.0,3770.0,296.0,265.0,239.0,26.0,3758.0,3489.0,269.0,43.0,42.0,1.0,4809.0,4423.0,386.0,457.0,418.0,39.0,4309.0,3963.0,346.0,43.0,42.0,1.0,5857.0,5454.0,403.0,521.0,465.0,56.0,5293.0,4948.0,345.0,43.0,41.0,2.0,6402.0,6012.0,390.0,674.0,635.0,39.0,5715.0,5364.0,351.0,13.0,13.0,0.0,6540.0,6042.0,498.0,959.0,836.0,123.0,5560.0,5186.0,374.0,21.0,20.0,1.0,6961.0,6497.0,464.0,1122.0,1059.0,63.0,5807.0,5406.0,401.0,32.0,32.0,0.0,6958.0,6344.0,614.0,1351.0,1160.0,191.0,5567.0,5144.0,423.0,40.0,40.0,0.0,7431.0,6807.0,624.0,1366.0,1209.0,157.0,6044.0,5577.0,467.0,21.0,21.0,0.0,7021.0,6469.0,552.0,784.0,713.0,71.0,6216.0,5735.0,481.0,21.0,21.0,0.0,6877.0,6371.0,506.0,532.0,478.0,54.0,6325.0,5873.0,452.0,20.0,20.0,0.0,5757.0,5363.0,394.0,387.0,355.0,32.0,5351.0,4989.0,362.0,19.0,19.0,0.0,5414.0,5028.0,386.0,336.0,312.0,24.0,4993.0,4633.0,360.0,85.0,83.0,2.0,5299.0,4949.0,350.0,316.0,288.0,28.0,4902.0,4584.0,318.0,81.0,77.0,4.0
Castilla-La Mancha,1791.0,1778.0,13.0,272.0,268.0,4.0,1497.0,1488.0,9.0,22.0,22.0,0.0,1793.0,1767.0,26.0,245.0,242.0,3.0,1527.0,1504.0,23.0,21.0,21.0,0.0,1731.0,1707.0,24.0,265.0,262.0,3.0,1444.0,1423.0,21.0,22.0,22.0,0.0,1966.0,1938.0,28.0,287.0,280.0,7.0,1663.0,1642.0,21.0,16.0,16.0,0.0,2062.0,2036.0,26.0,392.0,385.0,7.0,1669.0,1650.0,19.0,1.0,1.0,0.0,2089.0,2057.0,32.0,396.0,390.0,6.0,1691.0,1666.0,25.0,2.0,1.0,1.0,2202.0,2167.0,35.0,448.0,430.0,18.0,1748.0,1731.0,17.0,6.0,6.0,0.0,2224.0,2181.0,43.0,543.0,526.0,17.0,1676.0,1650.0,26.0,5.0,5.0,0.0,2353.0,2320.0,33.0,594.0,587.0,7.0,1756.0,1730.0,26.0,3.0,3.0,0.0,2227.0,2191.0,36.0,536.0,526.0,10.0,1689.0,1663.0,26.0,2.0,2.0,0.0,2185.0,2141.0,44.0,358.0,347.0,11.0,1822.0,1789.0,33.0,5.0,5.0,0.0,1968.0,1923.0,45.0,332.0,320.0,12.0,1634.0,1601.0,33.0,2.0,2.0,0.0,1967.0,1929.0,38.0,306.0,297.0,9.0,1627.0,1598.0,29.0,34.0,34.0,0.0,1885.0,1850.0,35.0,223.0,214.0,9.0,1639.0,1613.0,26.0,23.0,23.0,0.0
Cataluña,6103.0,5694.0,409.0,1090.0,1001.0,89.0,4961.0,4653.0,308.0,52.0,40.0,12.0,6440.0,5988.0,452.0,1255.0,1152.0,103.0,5134.0,4790.0,344.0,51.0,46.0,5.0,6958.0,6464.0,494.0,1415.0,1302.0,113.0,5484.0,5105.0,379.0,59.0,57.0,2.0,7451.0,6940.0,511.0,1352.0,1239.0,113.0,6042.0,5647.0,395.0,57.0,54.0,3.0,8103.0,7540.0,563.0,1608.0,1466.0,142.0,6458.0,6038.0,420.0,37.0,36.0,1.0,8307.0,7749.0,558.0,1624.0,1495.0,129.0,6656.0,6228.0,428.0,27.0,26.0,1.0,8972.0,8364.0,608.0,1922.0,1746.0,176.0,7009.0,6580.0,429.0,41.0,38.0,3.0,9375.0,8683.0,692.0,2131.0,1911.0,220.0,7191.0,6722.0,469.0,53.0,50.0,3.0,10041.0,9312.0,729.0,2250.0,2063.0,187.0,7736.0,7197.0,539.0,55.0,52.0,3.0,10531.0,9788.0,743.0,2215.0,2049.0,166.0,8261.0,7688.0,573.0,55.0,51.0,4.0,10526.0,9779.0,747.0,1963.0,1804.0,159.0,8514.0,7931.0,583.0,49.0,44.0,5.0,10497.0,9759.0,738.0,1948.0,1769.0,179.0,8489.0,7938.0,551.0,60.0,52.0,8.0,10041.0,9378.0,663.0,1768.0,1611.0,157.0,8223.0,7729.0,494.0,50.0,38.0,12.0,9797.0,9153.0,644.0,1526.0,1405.0,121.0,8226.0,7712.0,514.0,45.0,36.0,9.0
Comunitat Valenciana,4149.0,3802.0,347.0,736.0,688.0,48.0,3108.0,2809.0,299.0,305.0,305.0,0.0,4266.0,3873.0,393.0,974.0,908.0,66.0,2957.0,2651.0,306.0,335.0,314.0,21.0,5110.0,4664.0,446.0,1260.0,1160.0,100.0,3481.0,3156.0,325.0,369.0,348.0,21.0,5522.0,5014.0,508.0,1546.0,1439.0,107.0,3571.0,3197.0,374.0,405.0,378.0,27.0,5649.0,5118.0,531.0,1473.0,1363.0,110.0,3772.0,3380.0,392.0,404.0,375.0,29.0,5832.0,5285.0,547.0,1549.0,1430.0,119.0,3885.0,3485.0,400.0,398.0,370.0,28.0,6268.0,5716.0,552.0,1469.0,1353.0,116.0,4378.0,3979.0,399.0,421.0,384.0,37.0,6579.0,5998.0,581.0,1502.0,1382.0,120.0,4653.0,4228.0,425.0,424.0,388.0,36.0,7205.0,6588.0,617.0,1694.0,1586.0,108.0,5070.0,4596.0,474.0,441.0,406.0,35.0,8240.0,7648.0,592.0,1618.0,1496.0,122.0,6099.0,5660.0,439.0,523.0,492.0,31.0,7768.0,7194.0,574.0,1314.0,1188.0,126.0,6051.0,5639.0,412.0,403.0,367.0,36.0,7397.0,6834.0,563.0,1164.0,1054.0,110.0,5827.0,5411.0,416.0,406.0,369.0,37.0,7185.0,6600.0,585.0,1067.0,978.0,89.0,5684.0,5228.0,456.0,434.0,394.0,40.0,6940.0,6350.0,590.0,912.0,848.0,64.0,5640.0,5154.0,486.0,388.0,348.0,40.0
Extremadura,879.0,838.0,41.0,102.0,96.0,6.0,771.0,739.0,32.0,6.0,3.0,3.0,939.0,895.0,44.0,111.0,96.0,15.0,816.0,788.0,28.0,12.0,11.0,1.0,1059.0,1017.0,42.0,156.0,137.0,19.0,891.0,869.0,22.0,12.0,11.0,1.0,1123.0,1087.0,36.0,141.0,132.0,9.0,972.0,945.0,27.0,10.0,10.0,0.0,1128.0,1083.0,45.0,202.0,191.0,11.0,923.0,889.0,34.0,3.0,3.0,0.0,1221.0,1170.0,51.0,214.0,193.0,21.0,1004.0,974.0,30.0,3.0,3.0,0.0,1272.0,1220.0,52.0,256.0,239.0,17.0,1014.0,979.0,35.0,2.0,2.0,0.0,1391.0,1327.0,64.0,368.0,340.0,28.0,1018.0,982.0,36.0,5.0,5.0,0.0,1437.0,1379.0,58.0,345.0,320.0,25.0,1092.0,1059.0,33.0,0.0,0.0,0.0,1408.0,1341.0,67.0,246.0,224.0,22.0,1159.0,1115.0,44.0,3.0,2.0,1.0,1427.0,1360.0,67.0,195.0,179.0,16.0,1232.0,1181.0,51.0,0.0,0.0,0.0,1317.0,1260.0,57.0,183.0,175.0,8.0,1134.0,1085.0,49.0,0.0,0.0,0.0,1263.0,1197.0,66.0,188.0,171.0,17.0,1057.0,1009.0,48.0,18.0,17.0,1.0,1213.0,1148.0,65.0,136.0,125.0,11.0,1059.0,1006.0,53.0,18.0,17.0,1.0
Galicia,2328.0,2135.0,193.0,392.0,364.0,28.0,1876.0,1731.0,145.0,60.0,40.0,20.0,2528.0,2351.0,177.0,343.0,322.0,21.0,2129.0,1982.0,147.0,56.0,47.0,9.0,2834.0,2662.0,172.0,434.0,397.0,37.0,2359.0,2227.0,132.0,41.0,38.0,3.0,3726.0,3527.0,199.0,559.0,513.0,46.0,3116.0,2969.0,147.0,51.0,45.0,6.0,4402.0,4187.0,215.0,573.0,529.0,44.0,3779.0,3609.0,170.0,50.0,49.0,1.0,4154.0,3926.0,228.0,624.0,579.0,45.0,3500.0,3319.0,181.0,30.0,28.0,2.0,4067.0,3840.0,227.0,580.0,540.0,40.0,3454.0,3268.0,186.0,33.0,32.0,1.0,4284.0,4027.0,257.0,582.0,527.0,55.0,3647.0,3450.0,197.0,55.0,50.0,5.0,5084.0,4793.0,291.0,699.0,651.0,48.0,4348.0,4109.0,239.0,37.0,33.0,4.0,4904.0,4613.0,291.0,562.0,520.0,42.0,4305.0,4060.0,245.0,37.0,33.0,4.0,4410.0,4144.0,266.0,535.0,499.0,36.0,3863.0,3633.0,230.0,12.0,12.0,0.0,3701.0,3489.0,212.0,357.0,326.0,31.0,3326.0,3145.0,181.0,18.0,18.0,0.0,3639.0,3428.0,211.0,346.0,317.0,29.0,3221.0,3044.0,177.0,72.0,67.0,5.0,3688.0,3465.0,223.0,371.0,340.0,31.0,3247.0,3058.0,189.0,70.0,67.0,3.0
Madrid; Comunidad de,6359.0,5585.0,774.0,1934.0,1702.0,232.0,4300.0,3759.0,541.0,125.0,124.0,1.0,6677.0,5780.0,897.0,2292.0,1986.0,306.0,4245.0,3670.0,575.0,140.0,124.0,16.0,6804.0,5914.0,890.0,2426.0,2090.0,336.0,4255.0,3712.0,543.0,123.0,112.0,11.0,7239.0,6301.0,938.0,2634.0,2314.0,320.0,4448.0,3842.0,606.0,157.0,145.0,12.0,7480.0,6532.0,948.0,2874.0,2494.0,380.0,4505.0,3939.0,566.0,101.0,99.0,2.0,7964.0,6982.0,982.0,2731.0,2357.0,374.0,5094.0,4495.0,599.0,139.0,130.0,9.0,8343.0,7120.0,1223.0,3282.0,2709.0,573.0,4986.0,4339.0,647.0,75.0,72.0,3.0,8744.0,7516.0,1228.0,3213.0,2703.0,510.0,5403.0,4696.0,707.0,128.0,117.0,11.0,9379.0,8069.0,1310.0,3477.0,2908.0,569.0,5834.0,5098.0,736.0,68.0,63.0,5.0,10515.0,9108.0,1407.0,3345.0,2859.0,486.0,7133.0,6217.0,916.0,37.0,32.0,5.0,10341.0,9055.0,1286.0,3380.0,2979.0,401.0,6879.0,6004.0,875.0,82.0,72.0,10.0,9503.0,8364.0,1139.0,2791.0,2436.0,355.0,6573.0,5805.0,768.0,139.0,123.0,16.0,9161.0,8103.0,1058.0,2437.0,2111.0,326.0,6521.0,5799.0,722.0,203.0,192.0,11.0,8916.0,7897.0,1019.0,2060.0,1793.0,267.0,6679.0,5942.0,737.0,177.0,162.0,15.0
Murcia; Región de,801.0,744.0,57.0,257.0,242.0,15.0,535.0,493.0,42.0,9.0,9.0,0.0,119.0,119.0,0.0,19.0,19.0,0.0,100.0,100.0,0.0,0.0,0.0,0.0,660.0,602.0,58.0,270.0,252.0,18.0,377.0,338.0,39.0,13.0,12.0,1.0,695.0,638.0,57.0,251.0,234.0,17.0,426.0,386.0,40.0,18.0,18.0,0.0,805.0,742.0,63.0,402.0,380.0,22.0,391.0,350.0,41.0,12.0,12.0,0.0,811.0,747.0,64.0,375.0,359.0,16.0,429.0,381.0,48.0,7.0,7.0,0.0,887.0,803.0,84.0,374.0,345.0,29.0,505.0,450.0,55.0,8.0,8.0,0.0,978.0,901.0,77.0,404.0,377.0,27.0,566.0,516.0,50.0,8.0,8.0,0.0,979.0,888.0,91.0,493.0,454.0,39.0,476.0,424.0,52.0,10.0,10.0,0.0,967.0,887.0,80.0,323.0,309.0,14.0,624.0,558.0,66.0,20.0,20.0,0.0,886.0,820.0,66.0,357.0,340.0,17.0,524.0,475.0,49.0,5.0,5.0,0.0,1610.0,1523.0,87.0,306.0,286.0,20.0,1304.0,1237.0,67.0,0.0,0.0,0.0,1656.0,1543.0,113.0,278.0,262.0,16.0,1348.0,1251.0,97.0,30.0,30.0,0.0,1637.0,1497.0,140.0,242.0,221.0,21.0,1378.0,1260.0,118.0,17.0,16.0,1.0
Navarra; Comunidad Foral de,189.0,182.0,7.0,34.0,33.0,1.0,154.0,148.0,6.0,1.0,1.0,0.0,167.0,154.0,13.0,26.0,26.0,0.0,139.0,126.0,13.0,2.0,2.0,0.0,212.0,198.0,14.0,39.0,38.0,1.0,173.0,160.0,13.0,0.0,0.0,0.0,224.0,210.0,14.0,50.0,47.0,3.0,174.0,163.0,11.0,0.0,0.0,0.0,198.0,186.0,12.0,47.0,43.0,4.0,148.0,140.0,8.0,3.0,3.0,0.0,216.0,204.0,12.0,48.0,46.0,2.0,167.0,157.0,10.0,1.0,1.0,0.0,214.0,199.0,15.0,74.0,68.0,6.0,140.0,131.0,9.0,0.0,0.0,0.0,232.0,218.0,14.0,59.0,54.0,5.0,170.0,161.0,9.0,3.0,3.0,0.0,265.0,244.0,21.0,81.0,74.0,7.0,184.0,170.0,14.0,0.0,0.0,0.0,250.0,228.0,22.0,78.0,72.0,6.0,171.0,155.0,16.0,1.0,1.0,0.0,235.0,217.0,18.0,71.0,68.0,3.0,163.0,148.0,15.0,1.0,1.0,0.0,251.0,230.0,21.0,78.0,76.0,2.0,173.0,154.0,19.0,0.0,0.0,0.0,317.0,288.0,29.0,76.0,69.0,7.0,233.0,212.0,21.0,8.0,7.0,1.0,313.0,290.0,23.0,56.0,51.0,5.0,253.0,236.0,17.0,4.0,3.0,1.0
País Vasco,1069.0,987.0,82.0,139.0,130.0,9.0,923.0,850.0,73.0,7.0,7.0,0.0,1033.0,961.0,72.0,148.0,134.0,14.0,878.0,820.0,58.0,7.0,7.0,0.0,1063.0,988.0,75.0,169.0,156.0,13.0,887.0,825.0,62.0,7.0,7.0,0.0,1163.0,1087.0,76.0,232.0,220.0,12.0,919.0,855.0,64.0,12.0,12.0,0.0,1294.0,1205.0,89.0,244.0,235.0,9.0,1045.0,966.0,79.0,5.0,4.0,1.0,1196.0,1119.0,77.0,247.0,235.0,12.0,936.0,871.0,65.0,13.0,13.0,0.0,1305.0,1215.0,90.0,241.0,221.0,20.0,1062.0,992.0,70.0,2.0,2.0,0.0,1399.0,1286.0,113.0,227.0,208.0,19.0,1164.0,1070.0,94.0,8.0,8.0,0.0,1405.0,1285.0,120.0,274.0,251.0,23.0,1127.0,1030.0,97.0,4.0,4.0,0.0,1472.0,1343.0,129.0,311.0,296.0,15.0,1161.0,1047.0,114.0,0.0,0.0,0.0,1436.0,1302.0,134.0,229.0,216.0,13.0,1206.0,1085.0,121.0,1.0,1.0,0.0,1441.0,1306.0,135.0,194.0,184.0,10.0,1246.0,1122.0,124.0,1.0,0.0,1.0,1404.0,1272.0,132.0,179.0,169.0,10.0,1196.0,1075.0,121.0,29.0,28.0,1.0,1377.0,1213.0,164.0,128.0,112.0,16.0,1222.0,1074.0,148.0,27.0,27.0,0.0
Rioja; La,318.0,298.0,20.0,39.0,37.0,2.0,279.0,261.0,18.0,0.0,0.0,0.0,310.0,292.0,18.0,38.0,35.0,3.0,271.0,256.0,15.0,1.0,1.0,0.0,335.0,314.0,21.0,54.0,50.0,4.0,278.0,261.0,17.0,3.0,3.0,0.0,340.0,320.0,20.0,64.0,63.0,1.0,274.0,256.0,18.0,2.0,1.0,1.0,372.0,357.0,15.0,72.0,70.0,2.0,300.0,287.0,13.0,0.0,0.0,0.0,362.0,344.0,18.0,59.0,54.0,5.0,301.0,288.0,13.0,2.0,2.0,0.0,383.0,363.0,20.0,80.0,77.0,3.0,303.0,286.0,17.0,0.0,0.0,0.0,382.0,356.0,26.0,83.0,79.0,4.0,299.0,277.0,22.0,0.0,0.0,0.0,414.0,391.0,23.0,84.0,82.0,2.0,330.0,309.0,21.0,0.0,0.0,0.0,405.0,374.0,31.0,98.0,87.0,11.0,307.0,287.0,20.0,0.0,0.0,0.0,366.0,343.0,23.0,54.0,52.0,2.0,312.0,291.0,21.0,0.0,0.0,0.0,371.0,350.0,21.0,48.0,46.0,2.0,323.0,304.0,19.0,0.0,0.0,0.0,369.0,351.0,18.0,50.0,47.0,3.0,311.0,296.0,15.0,8.0,8.0,0.0,372.0,345.0,27.0,49.0,39.0,10.0,316.0,299.0,17.0,7.0,7.0,0.0
Ceuta y Melilla,631.0,588.0,43.0,284.0,271.0,13.0,347.0,317.0,30.0,0.0,0.0,0.0,565.0,526.0,39.0,255.0,249.0,6.0,310.0,277.0,33.0,0.0,0.0,0.0,642.0,604.0,38.0,317.0,306.0,11.0,323.0,296.0,27.0,2.0,2.0,0.0,543.0,507.0,36.0,180.0,173.0,7.0,360.0,331.0,29.0,3.0,3.0,0.0,569.0,536.0,33.0,177.0,172.0,5.0,392.0,364.0,28.0,0.0,0.0,0.0,559.0,523.0,36.0,179.0,164.0,15.0,380.0,359.0,21.0,0.0,0.0,0.0,536.0,498.0,38.0,156.0,145.0,11.0,380.0,353.0,27.0,0.0,0.0,0.0,546.0,511.0,35.0,134.0,125.0,9.0,412.0,386.0,26.0,0.0,0.0,0.0,0.0,0.0,0.0,159.0,147.0,12.0,424.0,390.0,34.0,0.0,0.0,0.0,594.0,550.0,44.0,216.0,207.0,9.0,378.0,343.0,35.0,0.0,0.0,0.0,557.0,521.0,36.0,214.0,203.0,11.0,343.0,318.0,25.0,0.0,0.0,0.0,554.0,506.0,48.0,225.0,204.0,21.0,329.0,302.0,27.0,0.0,0.0,0.0,591.0,553.0,38.0,228.0,219.0,9.0,360.0,331.0,29.0,3.0,3.0,0.0,534.0,491.0,43.0,186.0,175.0,11.0,339.0,307.0,32.0,9.0,9.0,0.0
,,,,,,,,,,,,,,,,,,,,,,,,,,,,,,,,,,,,,,,,,,,,,,,,,,,,,,,,,,,,,,,,,,,,,,,,,,,,,,,,,,,,,,,,,,,,,,,,,,,,,,,,,,,,,,,,,,,,,,,,,,,,,,,,,,,,,,,,,,,,,,,,,,,,,,,,,,,,,,,,,,,,,,,,
Notas:,,,,,,,,,,,,,,,,,,,,,,,,,,,,,,,,,,,,,,,,,,,,,,,,,,,,,,,,,,,,,,,,,,,,,,,,,,,,,,,,,,,,,,,,,,,,,,,,,,,,,,,,,,,,,,,,,,,,,,,,,,,,,,,,,,,,,,,,,,,,,,,,,,,,,,,,,,,,,,,,,,,,,,,,
  1.- Dentro de los otros penados se incluye: arrestos de fin de semana;  impago de multas; medidas de seguridad y tránsitos.,,,,,,,,,,,,,,,,,,,,,,,,,,,,,,,,,,,,,,,,,,,,,,,,,,,,,,,,,,,,,,,,,,,,,,,,,,,,,,,,,,,,,,,,,,,,,,,,,,,,,,,,,,,,,,,,,,,,,,,,,,,,,,,,,,,,,,,,,,,,,,,,,,,,,,,,,,,,,,,,,,,,,,,,
,,,,,,,,,,,,,,,,,,,,,,,,,,,,,,,,,,,,,,,,,,,,,,,,,,,,,,,,,,,,,,,,,,,,,,,,,,,,,,,,,,,,,,,,,,,,,,,,,,,,,,,,,,,,,,,,,,,,,,,,,,,,,,,,,,,,,,,,,,,,,,,,,,,,,,,,,,,,,,,,,,,,,,,,
,,,,,,,,,,,,,,,,,,,,,,,,,,,,,,,,,,,,,,,,,,,,,,,,,,,,,,,,,,,,,,,,,,,,,,,,,,,,,,,,,,,,,,,,,,,,,,,,,,,,,,,,,,,,,,,,,,,,,,,,,,,,,,,,,,,,,,,,,,,,,,,,,,,,,,,,,,,,,,,,,,,,,,,,
Fuente:Ministerio del Interior.,,,,,,,,,,,,,,,,,,,,,,,,,,,,,,,,,,,,,,,,,,,,,,,,,,,,,,,,,,,,,,,,,,,,,,,,,,,,,,,,,,,,,,,,,,,,,,,,,,,,,,,,,,,,,,,,,,,,,,,,,,,,,,,,,,,,,,,,,,,,,,,,,,,,,,,,,,,,,,,,,,,,,,,,
,,,,,,,,,,,,,,,,,,,,,,,,,,,,,,,,,,,,,,,,,,,,,,,,,,,,,,,,,,,,,,,,,,,,,,,,,,,,,,,,,,,,,,,,,,,,,,,,,,,,,,,,,,,,,,,,,,,,,,,,,,,,,,,,,,,,,,,,,,,,,,,,,,,,,,,,,,,,,,,,,,,,,,,,
Copyright INE 2015,,,,,,,,,,,,,,,,,,,,,,,,,,,,,,,,,,,,,,,,,,,,,,,,,,,,,,,,,,,,,,,,,,,,,,,,,,,,,,,,,,,,,,,,,,,,,,,,,,,,,,,,,,,,,,,,,,,,,,,,,,,,,,,,,,,,,,,,,,,,,,,,,,,,,,,,,,,,,,,,,,,,,,,,
,,,,,,,,,,,,,,,,,,,,,,,,,,,,,,,,,,,,,,,,,,,,,,,,,,,,,,,,,,,,,,,,,,,,,,,,,,,,,,,,,,,,,,,,,,,,,,,,,,,,,,,,,,,,,,,,,,,,,,,,,,,,,,,,,,,,,,,,,,,,,,,,,,,,,,,,,,,,,,,,,,,,,,,,
,,,,,,,,,,,,,,,,,,,,,,,,,,,,,,,,,,,,,,,,,,,,,,,,,,,,,,,,,,,,,,,,,,,,,,,,,,,,,,,,,,,,,,,,,,,,,,,,,,,,,,,,,,,,,,,,,,,,,,,,,,,,,,,,,,,,,,,,,,,,,,,,,,,,,,,,,,,,,,,,,,,,,,,,
Paseo de la Castellana; 183 - 28071 - Madrid - España Teléfono: (+34) 91 583 91 00 - Contacta:www.ine.es/infoine,,,,,,,,,,,,,,,,,,,,,,,,,,,,,,,,,,,,,,,,,,,,,,,,,,,,,,,,,,,,,,,,,,,,,,,,,,,,,,,,,,,,,,,,,,,,,,,,,,,,,,,,,,,,,,,,,,,,,,,,,,,,,,,,,,,,,,,,,,,,,,,,,,,,,,,,,,,,,,,,,,,,,,,,
